row,section,menu,name,outputCode,status,templateCode,sourceRecord,gate,evidence,mapping,notes
6,Imports,ImportDetails,Arrival Notice,Arrival Notice,draft layout created,CATALOGUE_ARRIVAL_NOTICE,Bookings,Recorded arrival and availability only. An arrival notice is not release authority.,Configured menu,"Sea, Air and Road Import records",
7,Imports,ImportDetails,Clearance Instructions,ReleaseOrder_ClearanceInstructions,draft layout created,CATALOGUE_CLEARANCE_INSTRUCTIONS,Booking Customs,"Customer-supplied source data for the Customs team, not a Customs declaration or clearance result.",Configured menu,"Sea, Air and Road Import records",
8,Imports,ImportDetails,Delivery Confirmation,ReleaseOrder_DeliveryConfirmation,draft layout created,CATALOGUE_DELIVERY_CONFIRMATION,Bookings,Confirm delivery only from a recorded actual event and evidence; do not manufacture a signature.,Configured menu,"Sea, Air and Road Import records",
9,Imports,ImportDetails,ERTS Release Note,ReleaseOrder_ERTS,draft layout created,CATALOGUE_ERTS_RELEASE_REQUEST,Bookings,Request layout only. An authorised release-note workflow and verified clearance are needed before issuing any release authority.,Configured menu,"Sea, Air and Road Import records",
10,Imports,ImportDetails,Pin Request,Pin_Request,draft layout created,CATALOGUE_PIN_REQUEST,Bookings,"Request only; never invent a PIN, Customs release or carrier permission.",Configured menu,"Sea, Air and Road Import records",
11,Imports,ImportDetails,Release Order,ReleaseOrder,draft layout created,CATALOGUE_RELEASE_REQUEST,Bookings,Does not replace an authorised Release Order. Use a separate verified approval path for release authority.,Configured menu,"Sea, Air and Road Import records",
12,Imports,ImportDetails,Transport Instructions,ContainerBookingImport,draft layout created,CATALOGUE_TRANSPORT_INSTRUCTIONS,Bookings,Collection and delivery locations must be explicitly recorded. Never substitute party addresses automatically.,Configured menu,"Sea, Air and Road Import records",
13,Sea booking,SeaBookingReport,Booking Confirmation,SeaBookingReport_BookingConfirmation,reuse existing template,JOB_CONFIRMATION,,"Existing layout retained. Selection, authorised field projection and specialised issuance remain to be verified; no new publication.",Configured menu,Sea Export records,
14,Sea booking,SeaBookingReport,Booking Request,SeaBookingReport_BookingRequest,draft layout created,CATALOGUE_SEA_BOOKING_REQUEST,Bookings,"Request, not a carrier confirmation. Retain unknown booking numbers, schedules and weights as unknown.",Configured menu,Sea Export records,
15,Sea booking,SeaBookingReport,Shipping Instructions,SeaBookingReport_ShippingInstructions,draft layout created,CATALOGUE_SHIPPING_INSTRUCTIONS,Bookings,"Separate master and house parties, marks, equipment and cargo allocations. Instructions are not an issued bill.",Configured menu,Sea Export records,
16,Sea booking,SeaBookingReport,Transport Instructions,SeaBookingReport_TransportInstructions,draft layout created,CATALOGUE_TRANSPORT_INSTRUCTIONS,Bookings,Collection and delivery locations must be explicitly recorded. Never substitute party addresses automatically.,Configured menu,Sea Export records,
17,Sea BL and shipping,BLInstruction,Bill Of Lading Instruction,BLInstruction_Ctrs,draft layout created,CATALOGUE_BL_INSTRUCTIONS,Bookings,"Only instruct the authorised issuer. Do not replicate carrier terms, title documents or FIATA security forms.",Configured menu,FBL: Sea Export records; other sea menus inferred,
18,Sea BL and shipping,FBL House,Bill of Lading,FBL House_Ctrs,controlled form review required,,,"Needs authorised form/terms, qualified review or verified evidence. Keep supplied originals attached; do not reproduce certification or signatures.",Configured menu,FBL: Sea Export records; other sea menus inferred,
19,Sea BL and shipping,FBL House,Bill of Lading alternate,FBL House_Charges,controlled form review required,,,"Needs authorised form/terms, qualified review or verified evidence. Keep supplied originals attached; do not reproduce certification or signatures.",Configured menu,FBL: Sea Export records; other sea menus inferred,
20,Sea BL and shipping,FBL Master,Bill Of Lading PrePrinted,FBL Master_Ctrs,controlled form review required,,,"Needs authorised form/terms, qualified review or verified evidence. Keep supplied originals attached; do not reproduce certification or signatures.",Configured menu,FBL: Sea Export records; other sea menus inferred,
21,Sea BL and shipping,FBL MultiModal,Dangerous Goods Note,FBL Multimodal_DGN_Ctrs,controlled form review required,,,"Needs authorised form/terms, qualified review or verified evidence. Keep supplied originals attached; do not reproduce certification or signatures.",Configured menu,FBL: Sea Export records; other sea menus inferred,
22,Sea BL and shipping,FBL MultiModal,FIATA Multimodal BL,FBL Multimodal_Ctrs,reuse existing template,FIATA_BOL,,"Existing layout retained. Selection, authorised field projection and specialised issuance remain to be verified; no new publication.",Configured menu,FBL: Sea Export records; other sea menus inferred,
23,Sea BL and shipping,FBL Print,Shipping Instructions,FBL Print_Ctrs,draft layout created,CATALOGUE_SHIPPING_INSTRUCTIONS,Bookings,"Separate master and house parties, marks, equipment and cargo allocations. Instructions are not an issued bill.",Configured menu,FBL: Sea Export records; other sea menus inferred,
24,Sea BL and shipping,FBLBookingConfirmation,Booking Confirmation,FBLBookingConfirmation_Ctrs,reuse existing template,JOB_CONFIRMATION,,"Existing layout retained. Selection, authorised field projection and specialised issuance remain to be verified; no new publication.",Configured menu,FBL: Sea Export records; other sea menus inferred,
25,Sea BL and shipping,StandardShippingNote,Standard Shipping Note,StandardShippingNote_Ctrs,draft layout created,CATALOGUE_STANDARD_SHIPPING_NOTE,Bookings,"Operational draft, not an approved SITPRO form. Confirm destination requirements before use.",Configured menu,FBL: Sea Export records; other sea menus inferred,
26,Air and security,AWBHouseLaser,Certified HAWB,AWBHouseLaser_Certified,controlled form review required,,,"Needs authorised form/terms, qualified review or verified evidence. Keep supplied originals attached; do not reproduce certification or signatures.",Configured menu,"AWB: Air Import, Export and Cross Trade; security includes warehouse",
27,Air and security,AWBHouseLaser,House Full Set,AWBHouseLaser,controlled form review required,,,"Needs authorised form/terms, qualified review or verified evidence. Keep supplied originals attached; do not reproduce certification or signatures.",Configured menu,"AWB: Air Import, Export and Cross Trade; security includes warehouse",
28,Air and security,AWBHouseLaser,House Single,AWBHouseLaser_Single,controlled form review required,,,"Needs authorised form/terms, qualified review or verified evidence. Keep supplied originals attached; do not reproduce certification or signatures.",Configured menu,"AWB: Air Import, Export and Cross Trade; security includes warehouse",
29,Air and security,AWBlaser,Master Full Set,AWBLaser,reuse existing template,MASTER_AIR_WAYBILL,,"Existing layout retained. Selection, authorised field projection and specialised issuance remain to be verified; no new publication.",Configured menu,"AWB: Air Import, Export and Cross Trade; security includes warehouse",
30,Air and security,AWBlaser,Master Single Page,AWBLaser_Single,reuse existing template,MASTER_AIR_WAYBILL,,"Existing layout retained. Selection, authorised field projection and specialised issuance remain to be verified; no new publication.",Configured menu,"AWB: Air Import, Export and Cross Trade; security includes warehouse",
31,Air and security,AWBLaser,Certified MAWB,AWBLaser_Certified,reuse existing template,MASTER_AIR_WAYBILL,,"Existing layout retained. Selection, authorised field projection and specialised issuance remain to be verified; no new publication.",Configured menu,"AWB: Air Import, Export and Cross Trade; security includes warehouse",
32,Air and security,Security Certificate,Consignment Security Declaration,Security Certificate,controlled form review required,,,"Needs authorised form/terms, qualified review or verified evidence. Keep supplied originals attached; do not reproduce certification or signatures.",Configured menu,"AWB: Air Import, Export and Cross Trade; security includes warehouse",
33,Air and security,Security Certificate,Warehouse Security Procedures,SecurityProcedures,controlled form review required,,,"Needs authorised form/terms, qualified review or verified evidence. Keep supplied originals attached; do not reproduce certification or signatures.",Configured menu,"AWB: Air Import, Export and Cross Trade; security includes warehouse",
34,Road documents,CMR Print,Booking Confirmation,CMR Print_TransportInstructions_Booking,reuse existing template,JOB_CONFIRMATION,,"Existing layout retained. Selection, authorised field projection and specialised issuance remain to be verified; no new publication.",Configured menu,"Road Import, Export and Domestic records",
35,Road documents,CMR Print,CMR Plain Paper,CMR Print,draft layout created,CATALOGUE_ROAD_CONSIGNMENT,Bookings,"Draft instructions only, not a CMR or US legal Bill of Lading. Approved terms and required form are a later review gate.",Configured menu,"Road Import, Export and Domestic records",
36,Road documents,CMR Print,Inland Bill of Lading,CMR Print_Inland_BL_USA,draft layout created,CATALOGUE_ROAD_CONSIGNMENT,Bookings,"Draft instructions only, not a CMR or US legal Bill of Lading. Approved terms and required form are a later review gate.",Configured menu,"Road Import, Export and Domestic records",
37,Road documents,CMR Print,Road Label,LabelRoad,draft layout created,CATALOGUE_CARGO_LABEL,Bookings,A4 layout draft; agree printer dimensions and identifiers before label generation. No invented carrier barcode.,Configured menu,"Road Import, Export and Domestic records",
38,Road documents,CMR Print,Transport Instructions,CMR Print_TransportInstructions,draft layout created,CATALOGUE_TRANSPORT_INSTRUCTIONS,Bookings,Collection and delivery locations must be explicitly recorded. Never substitute party addresses automatically.,Configured menu,"Road Import, Export and Domestic records",
39,Courier,CourierPODReport,POD Performance Report,CourierPODPerformanceReport,report definition required,,,"Define the Multideck source, filters, aggregation and permission scope before authoring a report. BoxTop output names alone do not specify those rules.",Configured menu,Courier section (inferred from menu names),
40,Courier,CourierPODReport,POD Report,CourierPODReport,report definition required,,,"Define the Multideck source, filters, aggregation and permission scope before authoring a report. BoxTop output names alone do not specify those rules.",Configured menu,Courier section (inferred from menu names),
41,Courier,CourierWaybill,Courier Docket,CourierWaybill,draft layout created,CATALOGUE_COURIER_DOCKET,Bookings,Recorded courier movement only; no inferred delivery or recipient signature.,Configured menu,Courier section (inferred from menu names),
42,Courier,CourierWaybill,Courier Label,LabelCourier,draft layout created,CATALOGUE_CARGO_LABEL,Bookings,A4 layout draft; agree printer dimensions and identifiers before label generation. No invented carrier barcode.,Configured menu,Courier section (inferred from menu names),
43,Courier,CourierWaybill,Proforma Invoice,Proforma,draft layout created,CATALOGUE_FREIGHT_PROFORMA,Finance,Finance proforma projection only. This is not a posted tax invoice.,Configured menu,Courier section (inferred from menu names),
44,Courier,CourierWaybill,Warehouse Coll/Del Note,CollDel Report_Warehouse,draft layout created,CATALOGUE_COLLECTION_DELIVERY_NOTE,Bookings and Warehouse,Keep planned and actual movement separate. Leave signatures for authorised human completion.,Configured menu,Courier section (inferred from menu names),
45,Consolidations,AssemblyManifest,Assembly Manifest for Air,AssemblyManifest,draft layout created,CATALOGUE_AIR_ASSEMBLY_MANIFEST,Consolidations,Consolidation membership and source line values only. No inferred security clearance or airline rates.,Configured menu,Air and Sea explicit; general manifest modes unverified,
46,Consolidations,AssemblyManifest,Assembly Manifest for Sea,AssemblyManifest_SEA,draft layout created,CATALOGUE_SEA_ASSEMBLY_MANIFEST,Consolidations,One authorised consolidation dataset; avoid duplicate master and house cargo totals.,Configured menu,Air and Sea explicit; general manifest modes unverified,
47,Consolidations,Manifest,Details Only Manifest,ManifestShort_NoDetails,draft layout created,CATALOGUE_CONSOLIDATION_MANIFEST,Consolidations,Address/detail/name-only views share one layout family. Approved projection decides columns and party visibility.,Configured menu,Air and Sea explicit; general manifest modes unverified,
48,Consolidations,Manifest,Full Address Manifest,Manifest,draft layout created,CATALOGUE_CONSOLIDATION_MANIFEST,Consolidations,Address/detail/name-only views share one layout family. Approved projection decides columns and party visibility.,Configured menu,Air and Sea explicit; general manifest modes unverified,
49,Consolidations,Manifest,Full Details Manifest,ManifestFull,draft layout created,CATALOGUE_CONSOLIDATION_MANIFEST,Consolidations,Address/detail/name-only views share one layout family. Approved projection decides columns and party visibility.,Configured menu,Air and Sea explicit; general manifest modes unverified,
50,Consolidations,Manifest,Name Only Manifest,ManifestShort,draft layout created,CATALOGUE_CONSOLIDATION_MANIFEST,Consolidations,Address/detail/name-only views share one layout family. Approved projection decides columns and party visibility.,Configured menu,Air and Sea explicit; general manifest modes unverified,
51,Consolidations,Manifest_Sea,Agent Manifest,Manifest_Sea_Agent,draft layout created,CATALOGUE_AGENT_MANIFEST,Consolidations,Agent-facing approved data only; exclude internal prices and confidential unrelated consignments.,Configured menu,Air and Sea explicit; general manifest modes unverified,
52,Consolidations,Manifest_Sea,Booking Manifest,Manifest_Sea,draft layout created,CATALOGUE_CONSOLIDATION_MANIFEST,Consolidations,Address/detail/name-only views share one layout family. Approved projection decides columns and party visibility.,Configured menu,Air and Sea explicit; general manifest modes unverified,
53,Consolidations,Manifest_Sea,Customs Manifest,Manifest_Sea_Customs,draft layout created,CATALOGUE_CUSTOMS_MANIFEST,Consolidations and Customs,"Handoff source sheet, not a government-issued manifest or submitted declaration.",Configured menu,Air and Sea explicit; general manifest modes unverified,
54,Consolidations,Manifest_Sea,Loading Manifest,Manifest_Sea_Loading,draft layout created,CATALOGUE_LOADING_MANIFEST,Booking load plan,"Use saved cargo-to-container allocations, including split quantities. Never calculate VGM from cargo weight.",Configured menu,Air and Sea explicit; general manifest modes unverified,
55,Shipping and trade,ShippingInvoiceReport,Arab - British C of O,ShippingInvoice_CofO_Arab,controlled form review required,,,"Needs authorised form/terms, qualified review or verified evidence. Keep supplied originals attached; do not reproduce certification or signatures.",Configured menu,Shipping invoice section; availability by job type unverified,
56,Shipping and trade,ShippingInvoiceReport,ATR,ShippingInvoice_ATR,controlled form review required,,,"Needs authorised form/terms, qualified review or verified evidence. Keep supplied originals attached; do not reproduce certification or signatures.",Configured menu,Shipping invoice section; availability by job type unverified,
57,Shipping and trade,ShippingInvoiceReport,Caricom Commercial Export Invoice,CARICOM_Commercial_Export_Invoice,draft layout created,CATALOGUE_COMMERCIAL_INVOICE_SOURCE,Customer trade source,"Customer approval and authoritative trade values required. Not a Jenkar freight invoice, original customer invoice or CARICOM-certified form.",Configured menu,Shipping invoice section; availability by job type unverified,
58,Shipping and trade,ShippingInvoiceReport,Certificate of Origin,ShippingInvoice_CofO,controlled form review required,,,"Needs authorised form/terms, qualified review or verified evidence. Keep supplied originals attached; do not reproduce certification or signatures.",Configured menu,Shipping invoice section; availability by job type unverified,
59,Shipping and trade,ShippingInvoiceReport,DG Certificate (Air),ShippingInvoice_DGN_Air,controlled form review required,,,"Needs authorised form/terms, qualified review or verified evidence. Keep supplied originals attached; do not reproduce certification or signatures.",Configured menu,Shipping invoice section; availability by job type unverified,
60,Shipping and trade,ShippingInvoiceReport,DG Certificate (Sea),ShippingInvoice_DGN_Sea,controlled form review required,,,"Needs authorised form/terms, qualified review or verified evidence. Keep supplied originals attached; do not reproduce certification or signatures.",Configured menu,Shipping invoice section; availability by job type unverified,
61,Shipping and trade,ShippingInvoiceReport,EUR1,ShippingInvoice_EUR1,controlled form review required,,,"Needs authorised form/terms, qualified review or verified evidence. Keep supplied originals attached; do not reproduce certification or signatures.",Configured menu,Shipping invoice section; availability by job type unverified,
62,Shipping and trade,ShippingInvoiceReport,Packing List,ShippingInvoice_PackingList,draft layout created,CATALOGUE_PACKING_LIST,Booking cargo,Jenkar-prepared draft only. Do not replace a customer-issued original required as Customs evidence.,Configured menu,Shipping invoice section; availability by job type unverified,
63,Shipping and trade,ShippingInvoiceReport,Shipping Invoice,ShippingInvoice_Sitpro,draft layout created,CATALOGUE_COMMERCIAL_INVOICE_SOURCE,Customer trade source,"Customer approval and authoritative trade values required. Not a Jenkar freight invoice, original customer invoice or CARICOM-certified form.",Configured menu,Shipping invoice section; availability by job type unverified,
64,Warehouse,Print history,Automatic SKU check-in,SkuAutoCheckin,draft layout created,CATALOGUE_WAREHOUSE_RECEIPT,Warehouse receipts,Warehouse receipt records only; not a FIATA FCR or ownership certificate.,Observed print only,Section inferred from output name; current menu unverified,"Found in ReportsAudit, outside the extracted configured print menus."
65,Warehouse,Print history,SKU check-in report,SKUCheckInReport,draft layout created,CATALOGUE_WAREHOUSE_RECEIPT,Warehouse receipts,Warehouse receipt records only; not a FIATA FCR or ownership certificate.,Observed print only,Section inferred from output name; current menu unverified,"Found in ReportsAudit, outside the extracted configured print menus."
66,Warehouse,Print history,SKU pick stock report,SKUPickStockReport,draft layout created,CATALOGUE_WAREHOUSE_PICK_LIST,Warehouse orders,Saved order and location allocation only; a pick list is not confirmation of dispatch.,Observed print only,Section inferred from output name; current menu unverified,"Found in ReportsAudit, outside the extracted configured print menus."
67,Warehouse,Print history,Warehouse outbound note,WhouseOutbound,draft layout created,CATALOGUE_WAREHOUSE_OUTBOUND,Warehouse dispatch,"Confirmed dispatch quantities only, preserving inventory and permissions.",Observed print only,Section inferred from output name; current menu unverified,"Found in ReportsAudit, outside the extracted configured print menus."
68,Warehouse,Print history,Weekly SKU stock charges,SKUStockChargeWeeklyReport,report definition required,,,"Define the Multideck source, filters, aggregation and permission scope before authoring a report. BoxTop output names alone do not specify those rules.",Observed print only,Section inferred from output name; current menu unverified,"Found in ReportsAudit, outside the extracted configured print menus."
69,Warehouse,SKUInventoryReport,Empty Warehouse Locations,EmptyWarehouseLocations,report definition required,,,"Define the Multideck source, filters, aggregation and permission scope before authoring a report. BoxTop output names alone do not specify those rules.",Configured menu,Warehouse and stock sections (inferred from menu names),
70,Warehouse,SKUInventoryReport,SKU Inventory No Stock Report,SKUInventoryNoStock,draft layout created,CATALOGUE_WAREHOUSE_INVENTORY,Warehouse stock,Authorised point-in-time stock projection; define zero-stock filtering before wiring.,Configured menu,Warehouse and stock sections (inferred from menu names),
71,Warehouse,SKUInventoryReport,SKU Inventory Report,SKUInventoryReport,draft layout created,CATALOGUE_WAREHOUSE_INVENTORY,Warehouse stock,Authorised point-in-time stock projection; define zero-stock filtering before wiring.,Configured menu,Warehouse and stock sections (inferred from menu names),
72,Warehouse,SKUInventoryReport,Stock Items Picked (Not Completed),StockPickedNotCompleted,draft layout created,CATALOGUE_WAREHOUSE_PICK_LIST,Warehouse orders,Saved order and location allocation only; a pick list is not confirmation of dispatch.,Configured menu,Warehouse and stock sections (inferred from menu names),
73,Warehouse,WhouseCheckIn,Forwarders Certificate of Receipt,FCR,controlled form review required,,,"Needs authorised form/terms, qualified review or verified evidence. Keep supplied originals attached; do not reproduce certification or signatures.",Configured menu,Warehouse and stock sections (inferred from menu names),
74,Warehouse,WhouseCheckIn,Warehouse Check-in Report,WHouseCheckIn,draft layout created,CATALOGUE_WAREHOUSE_RECEIPT,Warehouse receipts,Warehouse receipt records only; not a FIATA FCR or ownership certificate.,Configured menu,Warehouse and stock sections (inferred from menu names),
75,Quotations,QuickSimpleQuote,AirRates Quote,Quote_AirRates,draft layout created,CATALOGUE_QUOTE_LAYOUT,Quotes,Use the immutable submitted Quote snapshot. Customer prices only; never expose buying prices.,Configured menu,Quotation section (inferred from menu name),
76,Quotations,QuickSimpleQuote,Charges Quote,Quote_Charges_address,draft layout created,CATALOGUE_QUOTE_LAYOUT,Quotes,Use the immutable submitted Quote snapshot. Customer prices only; never expose buying prices.,Configured menu,Quotation section (inferred from menu name),
77,Quotations,QuickSimpleQuote,MultiSector Quote,Quote_MultiSector,draft layout created,CATALOGUE_QUOTE_LAYOUT,Quotes,Use the immutable submitted Quote snapshot. Customer prices only; never expose buying prices.,Configured menu,Quotation section (inferred from menu name),
78,Quotations,QuickSimpleQuote,Surface Rates Quote,Quote_SurfaceRates,draft layout created,CATALOGUE_QUOTE_LAYOUT,Quotes,Use the immutable submitted Quote snapshot. Customer prices only; never expose buying prices.,Configured menu,Quotation section (inferred from menu name),
79,Accounts and reporting,AdviceOfCharges,Advice of Charges,AdviceOfCharges,draft layout created,CATALOGUE_ADVICE_OF_CHARGES,Finance,Approved customer-facing Finance lines only; exclude cost and internal notes.,Configured menu,Accounts and reporting sections (inferred from menu names),
80,Accounts and reporting,AdviceOfCharges,Cheque Requisition,AdviceOfCharges_Remittance,draft layout created,CATALOGUE_REMITTANCE_ADVICE,Finance,Do not treat a requisition or advice as proof of payment; use only recorded Finance payment facts.,Configured menu,Accounts and reporting sections (inferred from menu names),
81,Accounts and reporting,AdviceOfCharges,Proforma Invoice,AdviceOfCharges_Proforma,draft layout created,CATALOGUE_FREIGHT_PROFORMA,Finance,Finance proforma projection only. This is not a posted tax invoice.,Configured menu,Accounts and reporting sections (inferred from menu names),
82,Accounts and reporting,CustomerActivityReport,Customer Activity (Detailed),CustomerActivityReport,report definition required,,,"Define the Multideck source, filters, aggregation and permission scope before authoring a report. BoxTop output names alone do not specify those rules.",Configured menu,Accounts and reporting sections (inferred from menu names),
83,Accounts and reporting,CustomerActivityReport,Customer Activity (Simple),CustomerActivityShortReport,report definition required,,,"Define the Multideck source, filters, aggregation and permission scope before authoring a report. BoxTop output names alone do not specify those rules.",Configured menu,Accounts and reporting sections (inferred from menu names),
84,Accounts and reporting,FinancialReport[],Account History,Account History,report definition required,,,"Define the Multideck source, filters, aggregation and permission scope before authoring a report. BoxTop output names alone do not specify those rules.",Configured menu,Accounts and reporting sections (inferred from menu names),"Account History Report:
This report lists Sales Invoices for the selected customer by Sales Invoice type where the invoice date falls within the reporting period.

Notes:
This report excludes unprinted invoices."
85,Accounts and reporting,FinancialReport[],Agent Analysis,Agent_Analysis,report definition required,,,"Define the Multideck source, filters, aggregation and permission scope before authoring a report. BoxTop output names alone do not specify those rules.",Configured menu,Accounts and reporting sections (inferred from menu names),"Catalogue describes this report as still under development. Agent Analysis Report:
This report is currently being developed, Andy Newlands (BoxTop)  to confirm once completed.

Notes:
This report will require some explanation as to what is included, etc."
86,Accounts and reporting,FinancialReport[],AWB Stock Report,AWB Stock Levels,report definition required,,,"Define the Multideck source, filters, aggregation and permission scope before authoring a report. BoxTop output names alone do not specify those rules.",Configured menu,Accounts and reporting sections (inferred from menu names),"AWB Stock Report:
This report shows how many Air Waybill numbers you currently have in stock by carrier."
87,Accounts and reporting,FinancialReport[],Carrier Statistics - Air Export,Ranking_Air_Export,report definition required,,,"Define the Multideck source, filters, aggregation and permission scope before authoring a report. BoxTop output names alone do not specify those rules.",Configured menu,Accounts and reporting sections (inferred from menu names),"Carrier Statistics - Air Export Report:
This report lists the Weight, Air Waybill count and Base Net Cost, by Carrier, where the departure date falls within the reporting period.

Notes:
To be added"
88,Accounts and reporting,FinancialReport[],Carrier Statistics - Air Export - Flown As Booked,FAB_Report,report definition required,,,"Define the Multideck source, filters, aggregation and permission scope before authoring a report. BoxTop output names alone do not specify those rules.",Configured menu,Accounts and reporting sections (inferred from menu names),"Flown As Booked Performance Report:

Notes:
This report returns all jobs, within the specified date range above, where the post flight information has been entered into BoxTop."
89,Accounts and reporting,FinancialReport[],Carrier Statistics - Air Import,Ranking_Air_Import,report definition required,,,"Define the Multideck source, filters, aggregation and permission scope before authoring a report. BoxTop output names alone do not specify those rules.",Configured menu,Accounts and reporting sections (inferred from menu names),"Carrier Statistics - Air Import Report:
This report lists the Weight, Job count and Base Net Cost, by Carrier, where the arrival date falls within the reporting period.

Notes:
To be added"
90,Accounts and reporting,FinancialReport[],Carrier Statistics - Sea Export,Ranking_Sea_Export,report definition required,,,"Define the Multideck source, filters, aggregation and permission scope before authoring a report. BoxTop output names alone do not specify those rules.",Configured menu,Accounts and reporting sections (inferred from menu names),"Carrier Statistics - Sea Export Report:
This report lists the TEU, Cube, Job count and Base Net Cost? where the Departure Date falls within the reporting period?

Notes:
To be added"
91,Accounts and reporting,FinancialReport[],Carrier Statistics - Sea Import,Ranking_Sea_Import,report definition required,,,"Define the Multideck source, filters, aggregation and permission scope before authoring a report. BoxTop output names alone do not specify those rules.",Configured menu,Accounts and reporting sections (inferred from menu names),"Carrier Statistics - Sea Import Report:
This report lists the TEU, Cube, Job count and Base Net Cost? where the Arrival Date falls within the reporting period?

Notes:
To be added"
92,Accounts and reporting,FinancialReport[],Charge Description Analysis,Charge Description Analysis,report definition required,,,"Define the Multideck source, filters, aggregation and permission scope before authoring a report. BoxTop output names alone do not specify those rules.",Configured menu,Accounts and reporting sections (inferred from menu names),"Charge Description Analysis Report:
This report shows the charges on invoices which have been transferred to the accounting system within the reporting period.

Notes:
Other invoices or costs which are not attached to invoices are not shown."
93,Accounts and reporting,FinancialReport[],Charge Description Analysis - Sales,Charge Description Analysis_Sales,report definition required,,,"Define the Multideck source, filters, aggregation and permission scope before authoring a report. BoxTop output names alone do not specify those rules.",Configured menu,Accounts and reporting sections (inferred from menu names),"Charge Description Analysis Report:
This report shows the sales charges on Jobs where the Job Date is between the dates shown above.  All amounts are converted to Base Net at the time of Charge creation.

Note:
Non-Invoiced Charges and Credits are included"
94,Accounts and reporting,FinancialReport[],Charges Not Invoiced,ChargesNotInvoiced,report definition required,,,"Define the Multideck source, filters, aggregation and permission scope before authoring a report. BoxTop output names alone do not specify those rules.",Configured menu,Accounts and reporting sections (inferred from menu names),"Charges Not Invoiced Report:
This report lists charges that do not appear on a sales invoice where the job date falls within the reporting period."
95,Accounts and reporting,FinancialReport[],Consol Profit,ConsolProfit,report definition required,,,"Define the Multideck source, filters, aggregation and permission scope before authoring a report. BoxTop output names alone do not specify those rules.",Configured menu,Accounts and reporting sections (inferred from menu names),"Consol Profit Report:
This report shows overall profit for consolidations where the Job Date is within the reporting period.

Notes:
This report only includes those House and Master jobs where the job dates on the Master files are within the reporting period.  This report does not include Duty and Tax (on Import Jobs) if the nominal code includes the D suffix.  All amounts shown are in Base Net."
96,Accounts and reporting,FinancialReport[],Cost Analysis by Sales Invoice Date,CostAnalysis_SalesInvoice,report definition required,,,"Define the Multideck source, filters, aggregation and permission scope before authoring a report. BoxTop output names alone do not specify those rules.",Configured menu,Accounts and reporting sections (inferred from menu names),"Cost Analysis Report:
This report shows details of estimated, actual and calculated costs attached to Sales Invoices that are dated within the reporting period.

Notes:
All values displayed are expressed in base currency.
Duties and Taxes are included."
97,Accounts and reporting,FinancialReport[],Cost Description Analysis,Charge Description Analysis_Costs,report definition required,,,"Define the Multideck source, filters, aggregation and permission scope before authoring a report. BoxTop output names alone do not specify those rules.",Configured menu,Accounts and reporting sections (inferred from menu names),"Cost Description Analysis Report:
This report shows the purchase costs on Jobs where the Job Date is between the dates shown above.

Notes:
All amounts converted to Base Net."
98,Accounts and reporting,FinancialReport[],Cost Summary,CostSummary,report definition required,,,"Define the Multideck source, filters, aggregation and permission scope before authoring a report. BoxTop output names alone do not specify those rules.",Configured menu,Accounts and reporting sections (inferred from menu names),"Cost Summary Report:
Notes to follow"
99,Accounts and reporting,FinancialReport[],Cost Summary - Passed but NOT attached to Sales Invoice,CostSummary_PassedNotAttachedSI,report definition required,,,"Define the Multideck source, filters, aggregation and permission scope before authoring a report. BoxTop output names alone do not specify those rules.",Configured menu,Accounts and reporting sections (inferred from menu names),"Cost Summary Report:
Includes approved (passed in BoxTop) costs but NOT attached to a Sales Invoice."
100,Accounts and reporting,FinancialReport[],Cost Summary - Passed/Attached to printed Sales Invoice,CostSummary_PassedAttachedPrintedSI,report definition required,,,"Define the Multideck source, filters, aggregation and permission scope before authoring a report. BoxTop output names alone do not specify those rules.",Configured menu,Accounts and reporting sections (inferred from menu names),"Cost Summary Report:
Includes approved (passed in BoxTop) costs attached to a Sales Invoice (printed)."
101,Accounts and reporting,FinancialReport[],Cost Summary - Passed/Attached to unprinted Sales Invoice,CostSummary_PassedAttachedUnPrintedSI,report definition required,,,"Define the Multideck source, filters, aggregation and permission scope before authoring a report. BoxTop output names alone do not specify those rules.",Configured menu,Accounts and reporting sections (inferred from menu names),"Cost Summary Report:
Includes approved (passed in BoxTop) costs attached to a Sales Invoice (unprinted)."
102,Accounts and reporting,FinancialReport[],Cost Summary - Unpassed but NOT attached to Sales Invoice,CostSummary_UnpassedNotAttachedSI,report definition required,,,"Define the Multideck source, filters, aggregation and permission scope before authoring a report. BoxTop output names alone do not specify those rules.",Configured menu,Accounts and reporting sections (inferred from menu names),"Cost Summary Report:
Includes unapproved (unpassed in BoxTop) costs (accruals) but NOT attached to a Sales Invoice."
103,Accounts and reporting,FinancialReport[],Cost Summary - Unpassed but NOT attached tp Sales Invoice,CostSummary_UnpassedNotAttachedSI,report definition required,,,"Define the Multideck source, filters, aggregation and permission scope before authoring a report. BoxTop output names alone do not specify those rules.",Configured menu,Accounts and reporting sections (inferred from menu names),"Duplicate output code in configured library. Cost Summary Report:
Includes unapproved (unpassed in BoxTop) costs (accruals) but NOT attached to a Sales Invoice."
104,Accounts and reporting,FinancialReport[],Cost Summary - Unpassed/Attached to printed Sales Invoice,CostSummary_UnpassedAttachedPrintedSI,report definition required,,,"Define the Multideck source, filters, aggregation and permission scope before authoring a report. BoxTop output names alone do not specify those rules.",Configured menu,Accounts and reporting sections (inferred from menu names),"Cost Summary Report:
Includes unapproved (unpassed in BoxTop) costs (accruals) attached to a Sales Invoice (printed)."
105,Accounts and reporting,FinancialReport[],Cost Summary - Unpassed/Attached to unprinted Sales Invoice,CostSummary_UnpassedAttachedUnprintedSI,report definition required,,,"Define the Multideck source, filters, aggregation and permission scope before authoring a report. BoxTop output names alone do not specify those rules.",Configured menu,Accounts and reporting sections (inferred from menu names),"Cost Summary Report:
Includes unapproved (unpassed in BoxTop) costs (accruals) attached to a Sales Invoice (unprinted)."
106,Accounts and reporting,FinancialReport[],Costs - Nominal Code Analysis,Nominal Purchase Codes,report definition required,,,"Define the Multideck source, filters, aggregation and permission scope before authoring a report. BoxTop output names alone do not specify those rules.",Configured menu,Accounts and reporting sections (inferred from menu names),"Costs - Nominal Code Analysis Report:
This report shows the purchase costs on Jobs where the Job Date is between the dates shown above.
Notes:
All amounts are converted to Base Net."
107,Accounts and reporting,FinancialReport[],Costs Entered Outside Job Date Range,AccrualsLaterThanJobDate,report definition required,,,"Define the Multideck source, filters, aggregation and permission scope before authoring a report. BoxTop output names alone do not specify those rules.",Configured menu,Accounts and reporting sections (inferred from menu names),Costs Entered Outside Job Date Range:
108,Accounts and reporting,FinancialReport[],Costs Invoiced but Not Passed,AccrualsInvoicedNotPassed,report definition required,,,"Define the Multideck source, filters, aggregation and permission scope before authoring a report. BoxTop output names alone do not specify those rules.",Configured menu,Accounts and reporting sections (inferred from menu names),"Costs Invoiced but Not Passed Report:
This report lists estimated costs that have been assigned to a Sales Invoice but not yet passed/approved, where the Sales Invoice date falls within the reporting period.

Notes:
This report shows all estimates of costs, not yet passed/approved, but recorded on Sales Invoices between the invoice dates shown above.  Any foreign currency amounts are converted to base net currency at the appropriate exchange rate shown in BoxTop at the time the estimate is recorded on the job."
109,Accounts and reporting,FinancialReport[],Costs Not Attached to Sales Invoice,AccrualsNotInvoiced,report definition required,,,"Define the Multideck source, filters, aggregation and permission scope before authoring a report. BoxTop output names alone do not specify those rules.",Configured menu,Accounts and reporting sections (inferred from menu names),"Costs Not Attached to Sales Invoices Report:
This report lists costs that have NOT been assigned to a Sales Invoice where the job date falls within the reporting period.

Notes:
This report shows all costs not attached/recorded on sales invoices between the job dates shown above.  Any foreign currency amounts are converted to base net currency at the appropriate exchange rate shown in BoxTop at the time the estimate is recorded on the job."
110,Accounts and reporting,FinancialReport[],Costs Not Passed by Job Type,Accruals Not Passed,report definition required,,,"Define the Multideck source, filters, aggregation and permission scope before authoring a report. BoxTop output names alone do not specify those rules.",Configured menu,Accounts and reporting sections (inferred from menu names),"Costs Not Passed Report:
This report lists costs that have not been assigned to a Supplier Invoice where the job date falls within the reporting period.

Notes:
This report shows all estimates of costs, not yet passed/approved, but recorded on jobs between the job dates shown above.  Any foreign currency amounts are converted to base net currency at the appropriate exchange rate shown in BoxTop at the time the estimate is recorded on the job.  If you are transferring purchase invoice information into your accounts system using the automated feature in BoxTop it is recommended you do NOT use this report but use the Costs Not Posted report instead."
111,Accounts and reporting,FinancialReport[],Costs Not Passed by Job Type - Summary,Accruals Not Passed_Summary,report definition required,,,"Define the Multideck source, filters, aggregation and permission scope before authoring a report. BoxTop output names alone do not specify those rules.",Configured menu,Accounts and reporting sections (inferred from menu names),"Costs Not Passed - Summary Report:
This report lists costs that have not been assigned to a Supplier Invoice where the job date falls within the reporting period.

Notes:
This report shows all estimates of costs, not yet passed/approved, but recorded on jobs between the job dates shown above.  Any foreign currency amounts are converted to base net currency at the appropriate exchange rate shown in BoxTop at the time the estimate is recorded on the job.  If you are transferring purchase invoice information into your accounts system using the automated feature in BoxTop it is recommended you do NOT use this report but use the Costs Not Posted report instead."
112,Accounts and reporting,FinancialReport[],Costs Not Passed by Nominal Code - Summary,Accruals Not Passed_NominalCode_Summary,report definition required,,,"Define the Multideck source, filters, aggregation and permission scope before authoring a report. BoxTop output names alone do not specify those rules.",Configured menu,Accounts and reporting sections (inferred from menu names),"Costs Not Passed - Summary Report:
This report lists costs that have not been assigned to a Supplier Invoice where the job date falls within the reporting period.

Notes:
This report shows all estimates of costs, not yet passed/approved, but recorded on jobs between the job dates shown above.  Any foreign currency amounts are converted to base net currency at the appropriate exchange rate shown in BoxTop at the time the estimate is recorded on the job.  If you are transferring purchase invoice information into your accounts system using the automated feature in BoxTop it is recommended you do NOT use this report but use the Costs Not Posted report instead."
113,Accounts and reporting,FinancialReport[],Costs Not Passed by Supplier,AccruedNotPassedBySupplier,report definition required,,,"Define the Multideck source, filters, aggregation and permission scope before authoring a report. BoxTop output names alone do not specify those rules.",Configured menu,Accounts and reporting sections (inferred from menu names),"Costs Not Passed Report:
This report lists costs that have not been assigned to a Supplier Invoice where the job date falls within the reporting period.

Notes:
This report shows all estimates of costs, not yet passed/approved, but recorded on jobs between the job dates shown above.  Any foreign currency amounts are converted to base net currency at the appropriate exchange rate shown in BoxTop at the time the estimate is recorded on the job.  If you are transferring purchase invoice information into your accounts system using the automated feature in BoxTop it is recommended you do NOT use this report but use the Costs Not Posted report instead."
114,Accounts and reporting,FinancialReport[],Costs Not Posted - Listed by Job Type,Accruals Not Posted_JobType,report definition required,,,"Define the Multideck source, filters, aggregation and permission scope before authoring a report. BoxTop output names alone do not specify those rules.",Configured menu,Accounts and reporting sections (inferred from menu names),"Costs Not Posted Report:
This report shows Estimated Costs (Accruals) that have not been transferred from BoxTop to the accounting system, where they appear on jobs between the dates shown above.

Notes:
BoxTop recommends users run this report if using the automated transfer Purchase Invoice process from BoxTop to an accounting system."
115,Accounts and reporting,FinancialReport[],Costs Not Posted - Listed by Nominal Code,Accruals Not Posted,report definition required,,,"Define the Multideck source, filters, aggregation and permission scope before authoring a report. BoxTop output names alone do not specify those rules.",Configured menu,Accounts and reporting sections (inferred from menu names),"Costs Not Posted Report:
This report shows Estimated Costs (Accruals) that have not been transferred from BoxTop to the accounting system, where they appear on jobs between the dates shown above.

Notes:
BoxTop recommends users run this report if using the automated transfer Purchase Invoice process from BoxTop to an accounting system."
116,Accounts and reporting,FinancialReport[],Costs Not Posted - Listed by Supplier,AccruedNotPostedBySupplier,report definition required,,,"Define the Multideck source, filters, aggregation and permission scope before authoring a report. BoxTop output names alone do not specify those rules.",Configured menu,Accounts and reporting sections (inferred from menu names),"Costs Not Posted Report:
This report shows Estimated Costs (Accruals) that have not been transferred from BoxTop to the accounting system, where they appear on jobs between the dates shown above.

Notes:
BoxTop recommends users run this report if using the automated transfer Purchase Invoice process from BoxTop to an accounting system."
117,Accounts and reporting,FinancialReport[],Costs Not Posted - No Sales Invoice on Job,Accruals Not Posted_byNominal_Excl_Unpassed_JobsNoInv,report definition required,,,"Define the Multideck source, filters, aggregation and permission scope before authoring a report. BoxTop output names alone do not specify those rules.",Configured menu,Accounts and reporting sections (inferred from menu names),"Costs Not Posted Report:
This report shows Estimated Costs (Accruals) that have not been transferred from BoxTop to the accounting system, where they appear on jobs between the dates shown above.

Notes:
This report EXCLUDES unpassed costs that exist on jobs that do NOT contain a Sales Invoice."
118,Accounts and reporting,FinancialReport[],Costs Not Posted - Sales Invoice,Accruals Not Posted_SalesInvoice,report definition required,,,"Define the Multideck source, filters, aggregation and permission scope before authoring a report. BoxTop output names alone do not specify those rules.",Configured menu,Accounts and reporting sections (inferred from menu names),"Costs Not Posted - Sales Invoice Report:
This report includes costs (accruals) that are attached to a Sales Invoice within the period and not posted to your accounting system.

Notes:
This report should be run in conjunction with other reports listed by Sales Invoice date. It will exclude any costs not posted if they are not attached to a Sales Invoice.
All values displayed are in base currency.
Duties and Taxes are included."
119,Accounts and reporting,FinancialReport[],Costs Passed - Between 2 Dates,CostsPassedDuringPeriod,report definition required,,,"Define the Multideck source, filters, aggregation and permission scope before authoring a report. BoxTop output names alone do not specify those rules.",Configured menu,Accounts and reporting sections (inferred from menu names),"Notes:
This report shows Estimated Costs (Accruals) that have been assigned to a supplier invoice between the dates shown above.  The Date Passed is the date that the cost line was attached to the supplier invoice.  The supplier invoices shown may or may not have been transferred to your accounting system."
120,Accounts and reporting,FinancialReport[],Costs Transferred outside Period - Sales Invoice,CostsTransferredOutOfPeriod_SalesInvoice,report definition required,,,"Define the Multideck source, filters, aggregation and permission scope before authoring a report. BoxTop output names alone do not specify those rules.",Configured menu,Accounts and reporting sections (inferred from menu names),"Costs Transferred outside Period - Sales Invoice Report:
This report includes costs which have been attached to a Sales Invoice dated prior to the Start Date and have been transferred to your accounting system after the Start Date.
This report should be run in conjunction with other reports based on Sales Invoice Date.
Duties and Taxes are included."
121,Accounts and reporting,FinancialReport[],Costs Variance Report,Accrual Report_Variance,report definition required,,,"Define the Multideck source, filters, aggregation and permission scope before authoring a report. BoxTop output names alone do not specify those rules.",Configured menu,Accounts and reporting sections (inferred from menu names),"Costs Variance Report:
This report lists all costs where the job date falls within the reporting period. This report can potentially be very long!

Notes:
This report compares Estimated and Actual costs in Base Currency where the cost records are attached to job records between specified Job dates."
122,Accounts and reporting,FinancialReport[],Customer Lane Report (Based on Principal),CustomerLaneReport,report definition required,,,"Define the Multideck source, filters, aggregation and permission scope before authoring a report. BoxTop output names alone do not specify those rules.",Configured menu,Accounts and reporting sections (inferred from menu names),"Customer Lane Report (Based on Principal):
This report shows Job Count, Revenue, Profit and Margin(%) for Jobs based on the Principal of the Job and lists by JobType, Mode and Destination, where costs/charges have been assigned to the Job. All amounts are converted to base currency."
123,Accounts and reporting,FinancialReport[],Destinations by Air,Top Air Destinations,report definition required,,,"Define the Multideck source, filters, aggregation and permission scope before authoring a report. BoxTop output names alone do not specify those rules.",Configured menu,Accounts and reporting sections (inferred from menu names),"Destinations by Air Report:
This report lists the weight and cost of Freight shipped to various destinations where the Job date falls within the reporting period.

Notes:
This report is based on Job Dates as shown in the Job Control screen. If more than one Waybill is found on a job, this report will show data from only one of the waybills."
124,Accounts and reporting,FinancialReport[],Destinations by Sea,Top Sea Destinations,report definition required,,,"Define the Multideck source, filters, aggregation and permission scope before authoring a report. BoxTop output names alone do not specify those rules.",Configured menu,Accounts and reporting sections (inferred from menu names),"Destinations by Sea Report:
This report lists the weight and cost of Freight shipped to various destinations where the Job date falls within the reporting period.

Notes:
This report is based on Job Dates as shown in the Job Control screen. If more than one Waybill is found on a job, this report will show data from only one of the waybills."
125,Accounts and reporting,FinancialReport[],Expected Costs Report by Sales Invoice Date Report,CostReport_SalesInvReporting,report definition required,,,"Define the Multideck source, filters, aggregation and permission scope before authoring a report. BoxTop output names alone do not specify those rules.",Configured menu,Accounts and reporting sections (inferred from menu names),"Cost Report by Sales Invoice Date Report:
This report is designed to be run in conjunction with Sales Invoice Date type reports.

Notes:
This report lists the expected costs (accruals), attached to a Sales Invoice dated within the period shown above, it includes printed and unprinted invoices.  All values displayed are expressed in base currency.
Duties and Taxes are included."
126,Accounts and reporting,FinancialReport[],Expected Costs Report by Sales Invoice Transaction Date Report,CostReport_SalesInvReporting_TransactionDate,report definition required,,,"Define the Multideck source, filters, aggregation and permission scope before authoring a report. BoxTop output names alone do not specify those rules.",Configured menu,Accounts and reporting sections (inferred from menu names),"Expected Costs for Sales Invoice by Transaction Date Report
This report lists Invoice Number, Date, Job Number, Invoicee, Sales Charge, Estimated Cost, Actual Cost, Calculated Profit and Expected Cost.

Notes:
THIS REPORT USES SALES INVOICE TRANSACTION DATES TO RETURN RESULTS, FOR ACCURATE ANALYSIS OF ANY COST RELATED RESULTS YOU MUST BE ABSOLUTELY CERTAIN ALL COSTS ARE ATTACHED TO SALES INVOICES.
This report will return results using the dates specified above.
The report is ordered by Sales Invoice Number. It includes all Sales Invoices/Credit Notes, whether printed or not.
All values are expressed in base net currency. Duties/Taxes are included.
Estimated Costs are shown if attached to a Sales Invoice within the specified period.
Actual Costs are shown if passed/approved in BoxTop.
Expected Costs are the balance of any remaining Estimated Costs.
Calculated Profit is derived using the Actual Costs (as described above), otherwise the Estimated Costs are used."
127,Accounts and reporting,FinancialReport[],"Expected Costs, Snapshot Report (Sales Invoice Date Reporting)",CostReport_SalesInvReporting_Snapshot,report definition required,,,"Define the Multideck source, filters, aggregation and permission scope before authoring a report. BoxTop output names alone do not specify those rules.",Configured menu,Accounts and reporting sections (inferred from menu names),"Expected Costs, Snapshot Report (Sales Invoice Date):
This report is designed to be run in conjunction with Sales Invoice Date type reports.

Notes:
This report lists the expected costs (accruals) attached to a sales invoice (dated within the period shown above), where the supplier invoices have been transferred after the ""End Date"" of the report, irrespective of what has happened to data subsequently, it includes printed and unprinted invoices.  All values displayed are expressed in base currency.  Duties and Taxes are included."
128,Accounts and reporting,FinancialReport[],Expired Rates (Costs),Expired Rates,report definition required,,,"Define the Multideck source, filters, aggregation and permission scope before authoring a report. BoxTop output names alone do not specify those rules.",Configured menu,Accounts and reporting sections (inferred from menu names),
129,Accounts and reporting,FinancialReport[],Expiring Rates (Costs),Expiring Rates,report definition required,,,"Define the Multideck source, filters, aggregation and permission scope before authoring a report. BoxTop output names alone do not specify those rules.",Configured menu,Accounts and reporting sections (inferred from menu names),
130,Accounts and reporting,FinancialReport[],FAB Report,FAB_Report,report definition required,,,"Define the Multideck source, filters, aggregation and permission scope before authoring a report. BoxTop output names alone do not specify those rules.",Configured menu,Accounts and reporting sections (inferred from menu names),"Duplicate output code in configured library. Notes:
This report returns all jobs with AWB's where FAB information has been entered into BoxTop within the specified date range above."
131,Accounts and reporting,FinancialReport[],Gross Profit,Income Report,report definition required,,,"Define the Multideck source, filters, aggregation and permission scope before authoring a report. BoxTop output names alone do not specify those rules.",Configured menu,Accounts and reporting sections (inferred from menu names),"Gross Profit Report:
This report shows the sales, purchase and profit amounts for each month of the reporting period.

Notes:
These figures include Customs Duty and VAT.
Where no actual cost is available, an estimated cost is used.
Income is derived from a calculation of Sales minus Purchases.
These figures are based on costs and charges only, regardless of the status of the job or any invoices attached to jobs (open jobs and un-printed invoices are included)."
132,Accounts and reporting,FinancialReport[],Gross Profit - Invoice Date,Income Report_InvoiceBased,report definition required,,,"Define the Multideck source, filters, aggregation and permission scope before authoring a report. BoxTop output names alone do not specify those rules.",Configured menu,Accounts and reporting sections (inferred from menu names),"Gross Profit Report:
This report shows the sales, purchase and profit amounts for each month of the reporting period.

Notes:
These figures include Customs Duty and VAT.
Where no actual cost is available, an estimated cost is used.
Income is derived from a calculation of Sales minus Purchases.
These figures are based on costs and charges only, regardless of the status of the job or any invoices attached to jobs (open jobs and un-printed invoices are included)."
133,Accounts and reporting,FinancialReport[],Inactive Customers Report,InactiveCustomers,report definition required,,,"Define the Multideck source, filters, aggregation and permission scope before authoring a report. BoxTop output names alone do not specify those rules.",Configured menu,Accounts and reporting sections (inferred from menu names),"Inactive Customers Report:
Notes:
This report is based on customers who have not had a job since the dates specifed above."
134,Accounts and reporting,FinancialReport[],Invoice Analysis,Customer Invoices,report definition required,,,"Define the Multideck source, filters, aggregation and permission scope before authoring a report. BoxTop output names alone do not specify those rules.",Configured menu,Accounts and reporting sections (inferred from menu names),"Sales Invoice Analysis Report:
This report lists Sales Invoices, grouped by Invoice Type, where the Invoice Date is within the reporting period.

Notes:
Inv Sales is derived from sales charges that exist on invoices which have been printed. Inv Profit is re-calculated at time of report production and uses sales charges on invoices minus any cost of sales that are attached to the invoice. In the absence of an actual cost the estimated cost is used. When the actual cost has been passed the original estimated cost is ignored. Unprinted invoices, uninvoiced sales charges and any cost of sales figures NOT attached to a sales invoice are EXCLUDED from this report."
135,Accounts and reporting,FinancialReport[],Invoices Not Printed by Invoice Date,Invoices Not Printed Invoice Date,report definition required,,,"Define the Multideck source, filters, aggregation and permission scope before authoring a report. BoxTop output names alone do not specify those rules.",Configured menu,Accounts and reporting sections (inferred from menu names),"Invoices Not Printed Report:
This report lists any Sales  Invoices that have been created but not yet printed, where the Sales Invoice date falls within the reporting period."
136,Accounts and reporting,FinancialReport[],Invoices Not Printed by Job Date,Invoices Not Printed,report definition required,,,"Define the Multideck source, filters, aggregation and permission scope before authoring a report. BoxTop output names alone do not specify those rules.",Configured menu,Accounts and reporting sections (inferred from menu names),"Invoices Not Printed Report:
This report lists any invoices that have been created but not yet printed where the Job date falls within the reporting period."
137,Accounts and reporting,FinancialReport[],Jobs Listed by Creation Date,Jobs_By_CreationDate,report definition required,,,"Define the Multideck source, filters, aggregation and permission scope before authoring a report. BoxTop output names alone do not specify those rules.",Configured menu,Accounts and reporting sections (inferred from menu names),"Jobs Listed by Creation Date Report:
This report shows Jobs by creation date, grouped by the person who created them and ordered by mode then job type and excludes consol master jobs."
138,Accounts and reporting,FinancialReport[],Jobs Not Invoiced,Jobs Not Invoiced,report definition required,,,"Define the Multideck source, filters, aggregation and permission scope before authoring a report. BoxTop output names alone do not specify those rules.",Configured menu,Accounts and reporting sections (inferred from menu names),"Jobs Not Invoiced Report:
This report lists jobs that have not been invoiced where the job date falls within the reporting period.

Notes:
Jobs are excluded from this list if they are marked as Completed.  Details are grouped by the job Owner."
139,Accounts and reporting,FinancialReport[],Jobs Without Costs,Jobs Without Accruals,report definition required,,,"Define the Multideck source, filters, aggregation and permission scope before authoring a report. BoxTop output names alone do not specify those rules.",Configured menu,Accounts and reporting sections (inferred from menu names),"Jobs Without Costs Report:
This report lists jobs without any Estimated or Actual Costs where the Job date falls within the reporting period.

Notes:
To be added"
140,Accounts and reporting,FinancialReport[],List of Costs,Accrual Report,report definition required,,,"Define the Multideck source, filters, aggregation and permission scope before authoring a report. BoxTop output names alone do not specify those rules.",Configured menu,Accounts and reporting sections (inferred from menu names),"List of Costs Report:
This report lists all costs where the job date falls within the reporting period.

Notes:
This report compares Estimated and Actual costs in Base Currency where the cost records are attached to job records between specified Job dates."
141,Accounts and reporting,FinancialReport[],List of Costs for a Supplier,Accrual Report_Supplier,report definition required,,,"Define the Multideck source, filters, aggregation and permission scope before authoring a report. BoxTop output names alone do not specify those rules.",Configured menu,Accounts and reporting sections (inferred from menu names),"List of Costs by Supplier Report:
This report lists all costs for a specific supplier where the job date falls within the reporting period.

Notes:
This report compares Estimated and Actual costs in Base Currency where the cost records are attached to job records between specified Job dates."
142,Accounts and reporting,FinancialReport[],List of Duty and VAT/Deferment - Cost/Revenue Lines,List Of Duty VAT Invoices_Description,report definition required,,,"Define the Multideck source, filters, aggregation and permission scope before authoring a report. BoxTop output names alone do not specify those rules.",Configured menu,Accounts and reporting sections (inferred from menu names),"List of Duty and VAT/Deferment - Cost/Revenue Lines:
This report lists all Duty/VAT/Use Deferment charge lines which have been attached to a printed Sales Invoice/Credit Note. All Cost/Revenue values are reported in Base Currency. Date Criteria is based on Invoice Date."
143,Accounts and reporting,FinancialReport[],List of Sales Invoices,Sales By Month,report definition required,,,"Define the Multideck source, filters, aggregation and permission scope before authoring a report. BoxTop output names alone do not specify those rules.",Configured menu,Accounts and reporting sections (inferred from menu names),"List of Sales Invoices Report:
This report lists all invoices where the invoice date falls within the reporting period.

Notes:
This report lists the Net, Tax and Gross amounts for each invoice, along with the Invoice Number, Job Number, Invoice Date and Account Number.  All amounts are converted to Base Currency."
144,Accounts and reporting,FinancialReport[],List of Sales Invoices - Transaction Date,Sales By Month_TransactionDate,report definition required,,,"Define the Multideck source, filters, aggregation and permission scope before authoring a report. BoxTop output names alone do not specify those rules.",Configured menu,Accounts and reporting sections (inferred from menu names),"List of Sales Invoices & Credit Notes by Transaction Date Report
This report lists Invoice Number & Date, Job Number & Date, Job Type, Net, Tax and Gross Amounts and Account Number.

Notes:
THIS REPORT USES SALES INVOICE TRANSACTION DATES TO RETURN RESULTS
This report will return results using the dates specified above.
The report is ordered by Sales Invoice Number. It excludes UNPRINTED Sales Invoices/Credit Notes.
All values are expressed in base net currency. Duty/Tax Invoices are INCLUDED."
145,Accounts and reporting,FinancialReport[],New Accounts Report,New Accounts Report,report definition required,,,"Define the Multideck source, filters, aggregation and permission scope before authoring a report. BoxTop output names alone do not specify those rules.",Configured menu,Accounts and reporting sections (inferred from menu names),"New Accounts Report:
This report shows Job Count, Revenue, Profit and Margin(%) for new customers listed by principal, where costs/charges have be assigned to the Job. All amounts are converted to base currency."
146,Accounts and reporting,FinancialReport[],New Accounts Report (Customer),New Accounts Report_Customer,report definition required,,,"Define the Multideck source, filters, aggregation and permission scope before authoring a report. BoxTop output names alone do not specify those rules.",Configured menu,Accounts and reporting sections (inferred from menu names),"New Accounts Report (Customer):
This report shows Job Count, Revenue, Profit and Margin(%) for new customers listed by alphabetically, where costs/charges have be assigned to the Job. All amounts are converted to base currency."
147,Accounts and reporting,FinancialReport[],New Accounts Report (Sales Person),New Accounts Report_SalesPerson,report definition required,,,"Define the Multideck source, filters, aggregation and permission scope before authoring a report. BoxTop output names alone do not specify those rules.",Configured menu,Accounts and reporting sections (inferred from menu names),
148,Accounts and reporting,FinancialReport[],Principal Analysis,PrincipalAnalysisRpt,report definition required,,,"Define the Multideck source, filters, aggregation and permission scope before authoring a report. BoxTop output names alone do not specify those rules.",Configured menu,Accounts and reporting sections (inferred from menu names),"Principal Analysis Report:
This report shows turnover and profit for each Principal where jobs exist within the reporting period."
149,Accounts and reporting,FinancialReport[],Profit By Invoice,Profit By Invoice,report definition required,,,"Define the Multideck source, filters, aggregation and permission scope before authoring a report. BoxTop output names alone do not specify those rules.",Configured menu,Accounts and reporting sections (inferred from menu names),"Profit By Invoice:
This Report is ordered by Invoice Number and only includes Cost & Charges associated to an Invoice/Credit Note.
All amounts are reported in base currency where the Invoice/Credit Note has been printed. This report does not include Duty"
150,Accounts and reporting,FinancialReport[],Profit By Invoice - Transaction Date,Profit By Invoice_TransactionDate,report definition required,,,"Define the Multideck source, filters, aggregation and permission scope before authoring a report. BoxTop output names alone do not specify those rules.",Configured menu,Accounts and reporting sections (inferred from menu names),"Profit by Invoice & Credit Note by Transaction Date Report
This report lists Invoice Number & Date, Job Number & Date, Account Number & Customer Name, Invoice Type, Sales Charges, Costs, Profit and Margin.

Notes:
THIS REPORT USES SALES INVOICE TRANSACTION DATES TO RETURN RESULTS, FOR ACCURATE ANALYSIS OF ANY COST RELATED RESULTS YOU MUST BE ABSOLUTELY CERTAIN ALL COSTS ARE ATTACHED TO SALES INVOICES.
This report will return results using the dates specified above.
The report is ordered by Sales Invoice Number. It excludes UNPRINTED Sales Invoices/Credit Notes.
All values are expressed in base net currency. Duties/Taxes are EXCLUDED.
Costs are shown if attached to a Sales Invoice (and the Sales Invoice Transaction date is within the dates specified above).
In calculating the Costs the report will use an Estimated Cost in the absence of an Actual Cost.
Profit is derived using the Actual Cost otherwise the Estimated Cost is used."
151,Accounts and reporting,FinancialReport[],Profit by Sales Person,ProfitReport_SalesPerson,report definition required,,,"Define the Multideck source, filters, aggregation and permission scope before authoring a report. BoxTop output names alone do not specify those rules.",Configured menu,Accounts and reporting sections (inferred from menu names),"Profit Report by Sales Person:
This report returns individual profit per charge line on jobs that fall within the job dates and sales person specified above. All figures are returned in base currency and exclude Duty && VAT Charges."
152,Accounts and reporting,FinancialReport[],Purchase Transfer Analysis - Detailed,DaySheetAnalysis,report definition required,,,"Define the Multideck source, filters, aggregation and permission scope before authoring a report. BoxTop output names alone do not specify those rules.",Configured menu,Accounts and reporting sections (inferred from menu names),"List of Purchase Daysheets Report:
This report lists all Purchase Invoice Day Sheets (transfer files) where the Day Sheet date falls within the reporting period.

Notes:
The report shows the Day Sheet Number, Transfer Date, Amount of Transfer and the currency that was tranferred."
153,Accounts and reporting,FinancialReport[],Purchase Transfer Analysis - Summary,Day Sheet Summary,report definition required,,,"Define the Multideck source, filters, aggregation and permission scope before authoring a report. BoxTop output names alone do not specify those rules.",Configured menu,Accounts and reporting sections (inferred from menu names),"List of Purchase Daysheets Report:
This report lists all Purchase Invoice Day Sheets (transfer files) where the Day Sheet date falls within the reporting period.

Notes:
The report shows the Day Sheet Number, Transfer Date, Amount of Transfer and the currency that was tranferred."
154,Accounts and reporting,FinancialReport[],Rate Savings Report by Customer,RateSavingsReport,report definition required,,,"Define the Multideck source, filters, aggregation and permission scope before authoring a report. BoxTop output names alone do not specify those rules.",Configured menu,Accounts and reporting sections (inferred from menu names),"Rate Savings Report by Customer:
If a spot rate is used, the spot rate amount will show up as the “Est Cost”. Users should enter the total published rate into the System Info field, in the format “GCR(nnn.nn)” with the rate being input between the brackets. Please note ""n"" equals numeric value.
The report will only include records where System Info contains “GCR(nnn.nn)” and it will automatically calculate the savings between the accrued rate and the published rate for each job."
155,Accounts and reporting,FinancialReport[],Rate Savings Report by Supplier,RateSavingsReport_Supplier,report definition required,,,"Define the Multideck source, filters, aggregation and permission scope before authoring a report. BoxTop output names alone do not specify those rules.",Configured menu,Accounts and reporting sections (inferred from menu names),"Rate Savings Report by Supplier:
If a spot rate is used, the spot rate amount will show up as the “Est Cost”. Users should enter the total published rate into the System Info field, in the format “GCR(nnn.nn)” with the rate being input between the brackets. Please note ""n"" equals numeric value.
The report will only include records where System Info contains “GCR(nnn.nn)” and it will automatically calculate the savings between the accrued rate and the published rate for each job."
156,Accounts and reporting,FinancialReport[],Residual Costs Report,Accruals Report Residual_BySupplier,report definition required,,,"Define the Multideck source, filters, aggregation and permission scope before authoring a report. BoxTop output names alone do not specify those rules.",Configured menu,Accounts and reporting sections (inferred from menu names),"Residual Costs Report:
This report shows all residual costs created in the system on Jobs between the dates specified above."
157,Accounts and reporting,FinancialReport[],Revenue - Customer,RevenueReport,report definition required,,,"Define the Multideck source, filters, aggregation and permission scope before authoring a report. BoxTop output names alone do not specify those rules.",Configured menu,Accounts and reporting sections (inferred from menu names),"Revenue - Customer Report:
This report lists the revenue and profit for each Customer where the Job date falls within the reporting period.

Notes:
All figures are in base net currency and include Duty && VAT. Job Sales figures are derived from charges on jobs whether or not included on a sales invoice. Job Profit figures are based on costs and charges only, regardless of the status of the job or any invoices attached to jobs (unprinted invoices are included)."
158,Accounts and reporting,FinancialReport[],Revenue - Principal,RevenueReport_Principal,report definition required,,,"Define the Multideck source, filters, aggregation and permission scope before authoring a report. BoxTop output names alone do not specify those rules.",Configured menu,Accounts and reporting sections (inferred from menu names),"Revenue - Principal Report:
This report lists the revenue and profit for each Principal where the Job Date falls within the reporting period.

Notes:
All figures are in base net currency and include Duty && VAT. Job Sales figures are derived from charges on jobs whether or not included on a sales invoice. Job Profit figures are based on costs and charges only, regardless of the status of the job or any invoices attached to jobs (unprinted invoices are included)"
159,Accounts and reporting,FinancialReport[],Sales Invoice / Credit Revenue,RevenueReport_InvoiceDate,report definition required,,,"Define the Multideck source, filters, aggregation and permission scope before authoring a report. BoxTop output names alone do not specify those rules.",Configured menu,Accounts and reporting sections (inferred from menu names),"Sales Invoice / Credit Revenue Report:
This report lists the sales and profit, in base net currency, grouped by sales invoice type, for each Customer where the Sales Invoice date falls within the reporting period.

Notes:
Inv Sales is derived from sales charges that exist on invoices which have been printed. Inv Profit is re-calculated at time of report production and uses sales charges on invoices minus any cost of sales that are attached to the invoice. In the absence of an actual cost the estimated cost is used. When the actual cost has been passed the original estimated cost is ignored. Unprinted invoices, uninvoiced sales charges and any cost of sales figures NOT attached to a sales invoice are EXCLUDED from this report."
160,Accounts and reporting,FinancialReport[],Sales Invoice / Credit Revenue Summary,RevenueReport_Summary,report definition required,,,"Define the Multideck source, filters, aggregation and permission scope before authoring a report. BoxTop output names alone do not specify those rules.",Configured menu,Accounts and reporting sections (inferred from menu names),"Sales Invoice / Credit Revenue Summary:
This report lists the sales and profit, in base net currency, grouped by sales invoice type, where the Sales Invoice date falls within the reporting period.
Notes:
All figures are shown in base net currency, grouped by sales invoice type. Inv Sales is derived from sales charges that exist on invoices which have been printed. Inv Profit is re-calculated at time of report production and uses sales charges on invoices minus any cost of sales that are attached and appear on sales invoices between the dates specified. In the absence of an actual cost the (attached to invoice) estimated cost is used. Unprinted invoices, uninvoiced sales charges and any cost of sales figures NOT attached to a sales invoice are EXCLUDED from this report."
161,Accounts and reporting,FinancialReport[],Sales Invoice Exchange Rate Analysis,SalesInvoiceExchRates,report definition required,,,"Define the Multideck source, filters, aggregation and permission scope before authoring a report. BoxTop output names alone do not specify those rules.",Configured menu,Accounts and reporting sections (inferred from menu names),"Sales Invoice Exchange Rate Analysis Report:
This report lists exchange rates applied to charge amounts on Sales Invoices  where the Invoice Date is within the reporting period.

Notes:"
162,Accounts and reporting,FinancialReport[],Sales Invoices Raised Outside of Job Date,Sales_Invoices_Outside_of_JobDate,report definition required,,,"Define the Multideck source, filters, aggregation and permission scope before authoring a report. BoxTop output names alone do not specify those rules.",Configured menu,Accounts and reporting sections (inferred from menu names),"Sales Invoices Raised Outside of Job Date Report:
This report lists Invoice that were raised outside of the Job Date range specified. We recommend running this report a month at a time"
163,Accounts and reporting,FinancialReport[],Shipment Statistics - Sea Import,Ranking_Sea_Import_JobData,report definition required,,,"Define the Multideck source, filters, aggregation and permission scope before authoring a report. BoxTop output names alone do not specify those rules.",Configured menu,Accounts and reporting sections (inferred from menu names),"Shipment Statistics - Sea Import Report:
This report lists statistics for LCL and FCL Jobs, including Job count, Weight, Cube and TEU numbers, where the Arrival Date falls within the reporting period.

Notes:
TBA"
164,Accounts and reporting,FinancialReport[],Summary of Sales by Month,Sales Invoice Summary,report definition required,,,"Define the Multideck source, filters, aggregation and permission scope before authoring a report. BoxTop output names alone do not specify those rules.",Configured menu,Accounts and reporting sections (inferred from menu names),"Summary of Sales by Month Report:
This report groups all invoices where the invoice date falls within the reporting period.

Notes:
This report shows the sum of invoices created during the specified period, grouped by JOB DATE.  All amounts are converted to Sterling at the time the invoice is printed.  The Net, VAT and Total columns do not include Customs Duty && VAT, but this is shown separately."
165,Accounts and reporting,FinancialReport[],Supplier Invoices not Transferred,Day Sheet Exceptions,report definition required,,,"Define the Multideck source, filters, aggregation and permission scope before authoring a report. BoxTop output names alone do not specify those rules.",Configured menu,Accounts and reporting sections (inferred from menu names),"Supplier Invoices not Transferred Report:
This report lists details of Supplier Invoices (entered into BoxTop), but not transferred to your accounting system, where the supplier invoice date falls within the reporting period.

Notes:
The Passed column shows the amounts already passed/approved in BoxTop, if no value is shown then nothing has been passed/approved in BoxTop. The Balance column shows the difference between the Net Invoice amount and the actual amount already passed/approved. Tax (VAT) is excluded."
166,Accounts and reporting,FinancialReport[],TEU by Carrier (ContBkg),TEUbyCarrier_ContBkg,report definition required,,,"Define the Multideck source, filters, aggregation and permission scope before authoring a report. BoxTop output names alone do not specify those rules.",Configured menu,Accounts and reporting sections (inferred from menu names),"TEU by Carrier (ContBkg) Report:
This report calculates TEU and container counts ONLY if specified in the Container Booking screen.

Notes:
Containers are classified by length and are either 20ft or 40ft. Date ranges are based on either the estimated departure date or actual departure date where this has been specified."
167,Accounts and reporting,FinancialReport[],TEU by Carrier (JobData),TEUbyCarrier_JobData,report definition required,,,"Define the Multideck source, filters, aggregation and permission scope before authoring a report. BoxTop output names alone do not specify those rules.",Configured menu,Accounts and reporting sections (inferred from menu names),"TEU by Carrier (JobData) Report:
This report calculates TEU and container counts for FCL Jobs, if entered at the foot of the Job Control screen.

Notes:
Containers are classified by length and are either 20ft or 40ft. Date ranges are based on either the estimated departure date or actual departure date where this has been specified."
168,Accounts and reporting,FinancialReport[],TEU by Period (ContBkg),TEUperAnnum_ContBkg,report definition required,,,"Define the Multideck source, filters, aggregation and permission scope before authoring a report. BoxTop output names alone do not specify those rules.",Configured menu,Accounts and reporting sections (inferred from menu names),"TEU by Period (ContBkg) Report:
This report does what?

Notes:
To be added"
169,Accounts and reporting,FinancialReport[],TEU by Period (JobData),TEUperAnnum_JobData,report definition required,,,"Define the Multideck source, filters, aggregation and permission scope before authoring a report. BoxTop output names alone do not specify those rules.",Configured menu,Accounts and reporting sections (inferred from menu names),"TEU by Period (JobData) Report:
This report does what?

Notes:
To be added"
170,Accounts and reporting,FinancialReport[],TEU by Region (ContBkg),TEUbyRegion_ContBkg,report definition required,,,"Define the Multideck source, filters, aggregation and permission scope before authoring a report. BoxTop output names alone do not specify those rules.",Configured menu,Accounts and reporting sections (inferred from menu names),"TEU by Region (ContBkg) Report:
This report does what?

Notes:
To be added"
171,Accounts and reporting,FinancialReport[],TEU by Region (JobData),TEUbyRegion_JobData,report definition required,,,"Define the Multideck source, filters, aggregation and permission scope before authoring a report. BoxTop output names alone do not specify those rules.",Configured menu,Accounts and reporting sections (inferred from menu names),"TEU by Region (JobData) Report:
This report does what?

Notes:
To be added"
172,Accounts and reporting,FinancialReport[],Top Carriers,Top Export Carriers,report definition required,,,"Define the Multideck source, filters, aggregation and permission scope before authoring a report. BoxTop output names alone do not specify those rules.",Configured menu,Accounts and reporting sections (inferred from menu names),"Top Carriers Report:
This report lists the weight and cost of Freight assigned to Export carriers where the Job date falls within the reporting period.

Notes:
Costs are taken from cost lines where the word Freight is somewhere in the description. Only one waybill per job will be included in this report.  On consolidations, only house jobs are included in order to prevent a duplication of data.   Where an actual cost is not available the estimated cost is used."
173,Accounts and reporting,FinancialReport[],Top Destinations,Top Destinations,report definition required,,,"Define the Multideck source, filters, aggregation and permission scope before authoring a report. BoxTop output names alone do not specify those rules.",Configured menu,Accounts and reporting sections (inferred from menu names),"Top Destinations Report:
This report lists the weight and cost of Freight shipped to various destinations where the Job date falls within the reporting period.

Notes:
This report is based on Job Dates as shown in the Job Control screen. If more than one Waybill is found on a job, this report will show data from only one of the waybills."
174,Accounts and reporting,Print history,Invoice print,Invoice Print,draft layout created,CATALOGUE_FREIGHT_INVOICE,Finance,"Finance-issued invoice identity, tax and totals only. No invoice numbering or financial recalculation in the template.",Observed print only,Section inferred from output name; current menu unverified,"Found in ReportsAudit, outside the extracted configured print menus."
175,Accounts and reporting,Print history,Sage invoice list,Sage InvList,report definition required,,,"Define the Multideck source, filters, aggregation and permission scope before authoring a report. BoxTop output names alone do not specify those rules.",Observed print only,Section inferred from output name; current menu unverified,"Found in ReportsAudit, outside the extracted configured print menus."
176,Accounts and reporting,Profit,Profit Report by Customer on Job,Profit_Customer,report definition required,,,"Define the Multideck source, filters, aggregation and permission scope before authoring a report. BoxTop output names alone do not specify those rules.",Configured menu,Accounts and reporting sections (inferred from menu names),
177,Accounts and reporting,Profit,Profit Report by Principal on Job,Profit,report definition required,,,"Define the Multideck source, filters, aggregation and permission scope before authoring a report. BoxTop output names alone do not specify those rules.",Configured menu,Accounts and reporting sections (inferred from menu names),
178,Shared job documents,Certificate of Shipment,Booking Confirmation,BookingConfirmation,reuse existing template,JOB_CONFIRMATION,,"Existing layout retained. Selection, authorised field projection and specialised issuance remain to be verified; no new publication.",Configured menu,"Job control, browse and POD sections; certificate menu mode unverified",
179,Shared job documents,Certificate of Shipment,Certificate Of Shipment,Certificate of Shipment,controlled form review required,,,"Needs authorised form/terms, qualified review or verified evidence. Keep supplied originals attached; do not reproduce certification or signatures.",Configured menu,"Job control, browse and POD sections; certificate menu mode unverified",
180,Shared job documents,CustomisedReports,Deliveries Report,DeliveriesReport,report definition required,,,"Define the Multideck source, filters, aggregation and permission scope before authoring a report. BoxTop output names alone do not specify those rules.",Configured menu,"Job control, browse and POD sections; certificate menu mode unverified",
181,Shared job documents,CustomisedReports,Problem Jobs Report,Problem Job Report_Current,report definition required,,,"Define the Multideck source, filters, aggregation and permission scope before authoring a report. BoxTop output names alone do not specify those rules.",Configured menu,"Job control, browse and POD sections; certificate menu mode unverified",
182,Shared job documents,JobBrowseReport,Job Browse Report,JobBrowseReport,report definition required,,,"Define the Multideck source, filters, aggregation and permission scope before authoring a report. BoxTop output names alone do not specify those rules.",Configured menu,"Job control, browse and POD sections; certificate menu mode unverified",
183,Shared job documents,JobSheet,Master File Job Sheet,JobSheetChargesConsolMaster,draft layout created,CATALOGUE_JOB_SHEET,Bookings,Internal operations only; master job detail must not double count house cargo or reveal unrelated records.,Configured menu,"Job control, browse and POD sections; certificate menu mode unverified",
184,Shared job documents,JobSheet,Standard Job Sheet,JobSheet,draft layout created,CATALOGUE_JOB_SHEET,Bookings,Internal operations only; master job detail must not double count house cargo or reveal unrelated records.,Configured menu,"Job control, browse and POD sections; certificate menu mode unverified",
185,Shared job documents,PODBrowseReport,POD Browse Report,PODBrowseReport,report definition required,,,"Define the Multideck source, filters, aggregation and permission scope before authoring a report. BoxTop output names alone do not specify those rules.",Configured menu,"Job control, browse and POD sections; certificate menu mode unverified",
186,Shared job documents,PODBrowseReport,POD Browse Report (Job Record Only),PODBrowseReport_JobRecordOnly,report definition required,,,"Define the Multideck source, filters, aggregation and permission scope before authoring a report. BoxTop output names alone do not specify those rules.",Configured menu,"Job control, browse and POD sections; certificate menu mode unverified",
187,Shared job documents,Print history,Collection / delivery note,CollDel Report,draft layout created,CATALOGUE_COLLECTION_DELIVERY_NOTE,Bookings and Warehouse,Keep planned and actual movement separate. Leave signatures for authorised human completion.,Observed print only,Section inferred from output name; current menu unverified,"Found in ReportsAudit, outside the extracted configured print menus."
188,Shared job documents,Print history,Job actions report,JobActionsReport,report definition required,,,"Define the Multideck source, filters, aggregation and permission scope before authoring a report. BoxTop output names alone do not specify those rules.",Observed print only,Section inferred from output name; current menu unverified,"Found in ReportsAudit, outside the extracted configured print menus."
189,Shared job documents,Print history,Job details report,JobDetailsReport,draft layout created,CATALOGUE_JOB_SHEET,Bookings,Internal operations only; master job detail must not double count house cargo or reveal unrelated records.,Observed print only,Section inferred from output name; current menu unverified,"Found in ReportsAudit, outside the extracted configured print menus."
190,Shared job documents,Print history,Pre-shipment advice,PreShipment Advice,draft layout created,CATALOGUE_PRE_SHIPMENT_ADVICE,Bookings,"Planned dates clearly labelled; no implied departure, release or delivery.",Observed print only,Section inferred from output name; current menu unverified,"Found in ReportsAudit, outside the extracted configured print menus."
191,Sales and CRM,ProspectRoutesReport,Trade Lanes Report by Company,ProspectRoutesReport_ByCompany,report definition required,,,"Define the Multideck source, filters, aggregation and permission scope before authoring a report. BoxTop output names alone do not specify those rules.",Configured menu,Sales and CRM sections (inferred from menu names),
192,Sales and CRM,ProspectRoutesReport,Trade Lanes Report by Sales Person,ProspectRoutesReport,report definition required,,,"Define the Multideck source, filters, aggregation and permission scope before authoring a report. BoxTop output names alone do not specify those rules.",Configured menu,Sales and CRM sections (inferred from menu names),
193,Sales and CRM,SalesActionsReport,Sales Report by Company,SalesActionsReport,report definition required,,,"Define the Multideck source, filters, aggregation and permission scope before authoring a report. BoxTop output names alone do not specify those rules.",Configured menu,Sales and CRM sections (inferred from menu names),
194,Sales and CRM,SalesActionsReport,Sales Report by Sales Person,SalesActionsReport_SalesPerson,report definition required,,,"Define the Multideck source, filters, aggregation and permission scope before authoring a report. BoxTop output names alone do not specify those rules.",Configured menu,Sales and CRM sections (inferred from menu names),
