page,scenario,scenario_id,repetitions_per_build,primary_metric,before_usableMs_median,before_usableMs_p95,before_savedMs_median,before_savedMs_p95,before_apiRequests_median,before_apiRequests_p95,before_duplicateApiRequests_median,before_duplicateApiRequests_p95,before_apiBytes_median,before_apiBytes_p95,before_assetRequests_median,before_assetRequests_p95,before_preflightRequests_median,before_preflightRequests_p95,before_foregroundApiRequests_median,before_foregroundApiRequests_p95,before_foregroundApiBytes_median,before_foregroundApiBytes_p95,before_backgroundApiRequests_median,before_backgroundApiRequests_p95,before_backgroundApiBytes_median,before_backgroundApiBytes_p95,before_assetBytes_median,before_assetBytes_p95,before_preflightBytes_median,before_preflightBytes_p95,before_totalBytes_median,before_totalBytes_p95,before_unfinishedRequests_median,before_unfinishedRequests_p95,before_failedRequests_median,before_failedRequests_p95,before_longTaskCount_median,before_longTaskCount_p95,before_longTaskMs_median,before_longTaskMs_p95,before_frameIntervalP95Ms_median,before_frameIntervalP95Ms_p95,after_usableMs_median,after_usableMs_p95,after_savedMs_median,after_savedMs_p95,after_apiRequests_median,after_apiRequests_p95,after_duplicateApiRequests_median,after_duplicateApiRequests_p95,after_apiBytes_median,after_apiBytes_p95,after_assetRequests_median,after_assetRequests_p95,after_preflightRequests_median,after_preflightRequests_p95,after_foregroundApiRequests_median,after_foregroundApiRequests_p95,after_foregroundApiBytes_median,after_foregroundApiBytes_p95,after_backgroundApiRequests_median,after_backgroundApiRequests_p95,after_backgroundApiBytes_median,after_backgroundApiBytes_p95,after_assetBytes_median,after_assetBytes_p95,after_preflightBytes_median,after_preflightBytes_p95,after_totalBytes_median,after_totalBytes_p95,after_unfinishedRequests_median,after_unfinishedRequests_p95,after_failedRequests_median,after_failedRequests_p95,after_longTaskCount_median,after_longTaskCount_p95,after_longTaskMs_median,after_longTaskMs_p95,after_frameIntervalP95Ms_median,after_frameIntervalP95Ms_p95,primary_median_improvement_percent
Quotes,Customer autofill,quote-customer-autofill,20,usableMs,44.9,48.4,1129.3,1278.6,4.0,4,0.0,0,12836.0,14906,0.0,0,1.0,1,4.0,4,12836.0,14906,0.0,0,0.0,0,0.0,0,0.0,0,12836.0,14906,0.0,0,0.0,0,0.0,0,0.0,0,17.6,17.6,22.25,23,1121.35,1186.7,2.0,2,0.0,0,3605.0,3609,0.0,0,0.5,1,2.0,2,3605.0,3609,0.0,0,0.0,0,0.0,0,0.0,0,3605.0,3609,0.0,0,0.0,0,0.0,0,0.0,0,18.25,18.6,50.45
Quotes,Supplier autofill,quote-supplier-autofill,20,usableMs,36.2,39.6,1161.85,1416.1,4.0,5,0.0,0,18474.5,20440,0.0,0,1.0,2,4.0,4,18474.5,20440,0.0,1,0.0,841,0.0,0,0.0,0,18474.5,20440,0.0,0,0.0,0,0.0,0,0.0,0,17.6,17.7,20.55,24.6,1058.8,1292.7,2.0,2,0.0,0,3605.5,3608,0.0,0,1.0,1,2.0,2,3605.0,3607,0.0,0,0.0,0,0.0,0,0.0,0,3605.5,3608,0.0,0,0.0,0,0.0,0,0.0,0,18.05,18.6,43.23
Quotes,Edit through Saved confirmation,quote-edit-save,20,savedMs,20.55,22.5,1087.8,1349.3,4.0,4,0.0,0,24240.0,26244,0.0,0,0.5,1,4.0,4,24240.0,26077,0.0,0,0.0,0,0.0,0,0.0,0,24240.0,26244,0.0,0,0.0,0,0.0,0,0.0,0,18.05,18.6,16.3,16.8,1077.8,1279.7,2.0,2,0.0,0,3605.0,3608,0.0,0,0.5,1,2.0,2,3605.0,3607,0.0,0,0.0,0,0.0,0,0.0,0,3605.0,3608,0.0,0,0.0,0,0.0,0,0.0,0,18.2,18.4,0.92
Home / shell,Cold load,home-cold-load,20,usableMs,911.55,1034.6,,,10.0,10,1.0,1,30472.0,30481,39.0,39,11.0,11,8.0,8,27670.0,27675,2.0,2,2802.0,2806,1791569.0,1791607,0.0,0,1822042.5,1822079,0.0,0,0.0,0,0.0,0,0.0,0,18.5,18.6,838.45,1041.8,,,9.0,9,0.0,0,29106.5,29115,38.0,38,1.5,3,7.0,7,26305.0,26313,2.0,2,2803.0,2807,1686351.5,1686387,0.0,0,1715461.0,1715493,0.0,0,0.0,0,0.0,0,0.0,0,17.7,18.2,8.02
Bookings,Register cold load,bookings-cold-load,20,usableMs,1074.2,1186.5,,,7.0,7,1.0,1,11996.5,12003,35.0,35,8.0,8,5.0,5,9194.0,9202,2.0,2,2802.5,2804,1775773.0,1775796,0.0,0,1787769.5,1787794,0.0,0,0.0,0,0.0,0,0.0,0,18.5,18.6,1012.95,1363,,,6.0,6,0.0,0,10552.0,10561,34.0,34,1.5,3,4.0,4,7750.0,7757,2.0,2,2803.0,2805,1670551.0,1670587,0.0,0,1681105.5,1681142,0.0,0,0.0,0,0.0,1,0.0,99,18.2,18.6,5.7
CRM,Company directory cold load,crm-companies-cold-load,20,usableMs,3302.95,3603.2,,,12.0,12,1.0,1,20838.0,20843,26.0,26,13.0,13,10.0,10,18036.0,18041,2.0,2,2802.0,2806,1731982.0,1732015,0.0,0,1752823.5,1752851,0.0,0,0.0,0,0.0,0,0.0,0,18.2,18.5,1651.7,2567.8,,,11.0,11,0.0,0,19392.5,19400,25.0,25,2.5,5,9.0,9,16590.5,16596,2.0,2,2803.0,2805,1626799.5,1626840,0.0,0,1646194.0,1646237,0.0,0,0.0,0,0.0,2,0.0,281,18.2,18.6,49.99
Inbox,Mailbox list cold load,inbox-cold-load,20,usableMs,2028.95,2778.7,,,11.0,11,2.0,2,33834.5,33845,17.0,17,12.0,12,9.0,9,31031.5,31039,2.0,2,2802.0,2806,1640891.0,1640928,0.0,0,1674722.0,1674764,0.0,0,0.0,0,0.0,0,0.0,0,18.6,18.6,2009.35,2557.1,,,10.0,10,1.0,1,32404.5,32417,17.0,17,4.0,5,8.0,8,29604.0,29613,2.0,2,2803.0,2808,1638380.5,1638422,0.0,0,1670792.0,1670819,0.0,0,0.0,0,0.0,0,0.0,0,18.1,18.4,0.97
Calendar,Week view cold load,calendar-cold-load,20,usableMs,1835.2,3091.7,,,8.0,8,1.0,1,24755.0,24853,13.0,13,9.0,9,6.0,6,21952.5,22051,2.0,2,2803.0,2804,1556021.0,1556047,0.0,0,1580786.5,1580876,0.0,0,0.0,0,1.0,1,63.0,69,18.25,18.4,1619.3,2285.4,,,6.0,6,0.0,0,13760.0,13763,12.0,12,2.0,4,4.0,4,10955.5,10960,2.0,2,2803.0,2806,1550524.5,1550554,0.0,0,1564286.5,1564314,0.0,0,0.0,0,0.0,1,0.0,140,18.25,18.5,11.76
Calendar,Open meeting composer,calendar-meeting-composer,20,usableMs,783.95,893.6,,,1.0,1,0.0,0,5077.0,5081,0.0,0,1.0,1,1.0,1,5077.0,5081,0.0,0,0.0,0,0.0,0,0.0,0,5077.0,5081,0.0,0,0.0,0,0.0,1,0.0,53,18.6,18.6,571.05,914.2,,,1.0,2,0.0,0,1280.0,1283,0.0,0,1.0,1,1.0,1,1280.0,1283,0.0,0,0.0,0,0.0,0,0.0,0,1280.0,1283,0.0,0,0.0,0,0.0,1,0.0,84,18.4,18.6,27.16
Warehouse,Inventory cold load,warehouse-inventory-cold-load,20,usableMs,2058.7,2309.8,,,9.0,9,1.0,1,18678.5,18687,37.0,37,10.0,10,7.0,7,15876.0,15883,2.0,2,2802.0,2805,1804432.5,1804461,0.0,0,1823113.5,1823145,0.0,0,0.0,0,0.0,0,0.0,0,18.25,18.4,1970.65,3175.9,,,8.0,8,0.0,0,17234.0,17240,36.0,36,5.0,6,6.0,6,14429.0,14436,2.0,2,2803.0,2807,1699256.0,1699289,0.0,0,1716489.5,1716525,0.0,0,0.0,0,0.0,3,0.0,387,18.6,18.6,4.28
Documents,Cold load including previews,documents-with-previews-cold-load,20,usableMs,2935.5,5093,,,11.0,11,1.0,1,82701.0,82710,25.0,25,12.0,12,9.0,9,79900.5,79908,2.0,2,2802.0,2805,4099955.5,4100182,0.0,0,4182653.0,4182877,3.0,3,0.0,0,0.0,2,0.0,143,18.1,18.4,2465.2,3882.3,,,10.0,10,0.0,0,81259.0,81270,24.0,24,6.0,7,8.0,8,78458.5,78465,2.0,2,2803.0,2805,4094277.0,4094483,0.0,0,4175538.0,4175742,3.0,3,0.0,0,0.0,2,0.0,119,18.3,18.5,16.02
Customs,Export register cold load,customs-export-register-cold-load,20,usableMs,1140.1,1501.3,,,8.0,8,1.0,1,12875.5,12882,32.0,32,10.0,10,6.0,6,10073.0,10078,2.0,2,2802.0,2805,2121639.5,2121724,0.0,0,2134516.0,2134598,0.0,0,0.0,0,0.0,1,0.0,57,18.6,18.6,976.15,1224.5,,,7.0,7,0.0,0,11427.5,11434,31.0,31,1.0,3,5.0,5,8625.5,8631,2.0,2,2801.5,2805,2016468.0,2016537,0.0,0,2027896.0,2027956,0.0,0,0.0,0,0.0,1,0.0,52,18.3,18.7,14.38
Rates,Empty library cold load,rates-overview-cold-load,20,usableMs,1519.3,1731.8,,,7.0,7,1.0,1,11517.5,11523,14.0,14,8.0,8,5.0,5,8714.0,8719,2.0,2,2803.0,2806,1574554.0,1574569,0.0,0,1586069.0,1586088,0.0,0,0.0,0,0.0,1,0.0,57,18.35,18.6,1260.0,1596.5,,,6.0,6,0.0,0,10067.5,10074,13.0,13,2.0,4,4.0,4,7265.5,7270,2.0,2,2802.0,2806,1568980.5,1569007,0.0,0,1579047.5,1579081,0.0,0,0.0,0,0.0,0,0.0,0,18.35,18.6,17.07
Finance,Currencies and FX cold load,finance-currencies-cold-load,20,usableMs,2428.55,2840.1,,,8.0,8,1.0,1,35658.5,35668,22.0,22,9.0,9,6.0,6,32857.0,32866,2.0,2,2803.0,2806,1761648.5,1761665,0.0,0,1797311.0,1797327,0.0,0,0.0,0,1.0,2,75.0,351,18.15,18.6,2123.15,3230.9,,,7.0,7,0.0,0,34209.0,34214,22.0,22,3.0,5,5.0,5,31407.0,31412,2.0,2,2802.0,2805,1657355.0,1657379,0.0,0,1691565.0,1691593,0.0,0,0.0,0,1.0,3,73.0,774,18.4,18.6,12.58
Dexter,Home and watch summary cold load,dexter-home-cold-load,20,usableMs,2310.05,3187.1,,,16.0,16,1.0,1,32552.5,32561,30.0,30,17.0,17,14.0,14,29749.5,29757,2.0,2,2804.0,2806,2229568.5,2229600,0.0,0,2262118.5,2262159,0.0,0,0.0,0,0.0,3,0.0,358,18.6,18.6,2173.75,3286.8,,,15.0,15,0.0,0,31103.0,31110,29.0,29,5.0,7,13.0,13,28300.5,28307,2.0,2,2803.0,2806,2124401.5,2124421,0.0,0,2155502.0,2155528,0.0,0,0.0,0,0.0,4,0.0,845,18.0,33.2,5.9
Admin,Activity cold load,admin-activity-cold-load,20,usableMs,1486.15,2219.8,,,7.0,7,1.0,1,13309.0,13317,17.0,17,8.0,8,5.0,5,10507.0,10512,2.0,2,2802.5,2808,1574054.5,1574076,0.0,0,1587362.5,1587391,0.0,0,0.0,0,0.0,2,0.0,609,18.2,18.4,1553.85,2637,,,6.0,6,0.0,0,11867.0,11870,16.0,16,4.0,4,4.0,4,9064.0,9068,2.0,2,2803.0,2805,1569720.5,1569743,0.0,0,1581583.5,1581609,0.0,0,0.0,0,0.5,4,35.0,1290,18.4,32,-4.56
Settings,Profile including images cold load,profile-settings-cold-load,20,usableMs,1047.0,1436.6,,,9.0,9,1.0,1,13071.5,13078,28.0,28,13.0,13,7.0,7,10270.0,10275,2.0,2,2802.5,2805,2284725.0,2284777,0.0,0,2297781.0,2297850,0.0,1,0.0,0,0.0,1,0.0,61,18.2,18.4,935.25,1049.2,,,8.0,8,0.0,0,11626.5,11634,25.5,27,1.5,3,6.0,6,8823.5,8830,2.0,2,2803.0,2805,1958738.5,2279213,0.0,0,1970366.5,2290843,0.0,0,0.0,0,0.0,0,0.0,0,18.3,18.6,10.67
Public booking,Brand and availability cold load,public-booking-availability-cold-load,20,usableMs,1480.25,2462,,,7.0,7,1.0,1,12447.5,12456,10.0,10,7.0,7,6.0,6,11606.0,11612,1.0,1,842.0,844,1236281.0,1236285,0.0,0,1248728.0,1248738,0.0,0,0.0,0,1.0,2,85.0,167,18.6,18.6,1425.6,1980,,,5.0,5,0.0,0,10170.0,10178,9.0,9,3.0,4,5.0,5,10170.0,10178,0.0,0,0.0,0,1230721.0,1230721,0.0,0,1240891.0,1240899,0.0,0,0.0,0,1.0,1,51.0,54,18.35,18.5,3.69
Quotes,Register cold load,quotes-register-cold-load,20,usableMs,1086.25,2267,,,7.0,7,1.0,1,12374.0,12379,18.0,18,8.0,8,5.0,5,9571.0,9575,2.0,2,2803.0,2805,1570033.5,1570069,0.0,0,1582407.0,1582440,0.0,0,0.0,0,0.0,4,0.0,678,18.3,18.6,873.6,1204.3,,,6.0,6,0.0,0,10935.0,10941,18.0,18,1.5,3,4.0,4,8133.0,8138,2.0,2,2803.0,2805,1567956.0,1567982,0.0,0,1578891.0,1578924,0.0,0,0.0,0,0.0,0,0.0,0,18.25,18.5,19.58
Quotes,Details and directory cold load,quote-details-cold-load-fresh-tab,20,usableMs,1590.95,1784.4,,,12.0,12,2.0,2,68908.0,68920,40.0,40,2.5,5,10.0,10,66105.0,66114,2.0,2,2803.0,2806,3015165.0,3015198,0.0,0,3084073.5,3084109,0.0,0,0.0,0,4.0,4,314.0,337,18.5,18.6,1730.8,2779.7,,,11.0,11,0.0,0,62412.0,62419,40.0,40,3.5,5,9.0,9,59608.0,59617,2.0,2,2803.0,2806,2916260.0,2916278,0.0,0,2978666.0,2978692,0.0,0,0.0,0,3.0,3,343.0,357,18.3,18.6,-8.79
